Name of State/UT,District,Disease/Illness,No. of Cases,No. of Deaths,Date of Start of Outbreak,Date of Reporting
Gujarat,Navsari,Acute Diarrheal Disease,57,0,08-03-22,08-03-22
Gujarat,Gandhinagar,Acute Diarrheal Disease,14,0,06-03-22,06-03-22
Gujarat,Anand,Acute Gastroenteritis,24,1,05-03-22,03-03-22
Punjab,Faridkot,Hepatitis A & E,31,0,08-03-22,08-03-22
Telangana,Adilabad,Food Poisoning,47,0,09-03-22,10-03-22
Telangana,Adilabad,Food Poisoning,70,0,12-03-22,13-03-22
Telangana,Nalgonda,Dengue,6,0,11-03-22,12-03-22
Telangana,Peddapalli,Food Poisoning,12,0,11-03-22,12-03-22
Telangana,Peddapalli,Food Poisoning,20,0,09-03-22,10-03-22
Tamil Nadu,Virudhunagar â€“ Sivakasi,Food Borne Illness,7,0,07-03-22,08-03-22
Tamil Nadu,Madurai,Chickenpox,25,0,05-03-22,07-03-22
West Bengal,North 24 Parganas,Acute Diarrheal Disease,556,0,05-03-22,06-03-22
Kerala,Trivandrum,Dengue,9,0,22-02-22,
Tamil Nadu,Ariyalur,Dengue,6,0,05-02-22,
Tamil Nadu,Ariyalur,Pyrexia of Unknown Origin,15,0,31-01-22,
Tamil Nadu,Virudhunagar,Dengue,17,0,16-02-22,
Karnataka,Haveri,Acute Diarrheal Disease,25,0,17-03-22,18-03-22
Karnataka,Haveri,Acute Diarrheal Disease,36,0,18-03-22,19-03-22
Kerala,Idukki,Chickenpox,17,0,10-03-22,15-03-22
Kerala,Ernakulam,Acute Diarrheal Disease,16,0,11-03-22,22-03-22
Maharashtra,Akola,Chickenpox,5,0,15-03-22,17-03-22
Maharashtra,Akola,Chikungunya,9,0,12-03-22,17-03-22
Odisha,Koraput,Acute Diarrheal Disease,41,0,22-03-22,22-03-22
Tamil Nadu,Krishnagiri,Food Borne Illness,7,0,18-03-22,21-03-22
Tamil Nadu,Krishnagiri,Food Borne Illness,6,0,19-03-22,21-03-22
Tamil Nadu,Thanjavur,Scrub Typhus,35,0,16-03-22,18-03-22
Tamil Nadu,Ranipet,Chickenpox,7,0,17-03-22,18-03-22
Telangana,Mahabubabad,Food Poisoning,56,0,15-03-22,16-03-22
Uttar Pradesh,Pratapgarh,Food Poisoning,49,0,14-03-22,16-03-22
Gujarat,Navsari,Acute Diarrheal Disease,19,0,27-03-22,27-03-22
Gujarat,Kheda,Acute Diarrheal Disease,19,0,23-03-22,23-03-22
Gujarat,Bhavnagar,Crimean-Congo hemorrhagic fever,1,0,24-03-22,24-03-22
Gujarat,Surendranagar,Food Poisoning,57,0,27-03-22,27-03-22
Haryana,Panchkula,Suspected Typhoid,6,0,26-03-22,26-03-22
Jharkhand,Godda,Suspected Measles,10,0,25-03-22,26-03-22
Karnataka,Bagalkote,Food Poisoning,63,0,22-03-22,27-03-22
Karnataka,Dakshina Kannada,Acute Diarrheal Disease,29,0,22-03-22,27-03-22
Kerala,Kottayam,Food Poisoning,9,0,22-03-22,23-03-22
Maharashtra,Raigad,Dengue,11,0,21-03-22,25-03-22
Rajasthan,Pali,Fever with Rashes,11,0,28-03-22,30-03-22
Rajasthan,Sri Ganganagar,Viral Hepatitis,23,1,25-03-22,29-03-22
Tamil Nadu,Ramanathapuram,Food Borne Illness,63,0,25-03-22,25-03-22
Tamil Nadu,Salem,Food Borne Illness,30,0,22-03-22,23-03-22
Tamil Nadu,Namakkal,Chickenpox,32,0,25-03-22,25-03-22
Tamil Nadu,Ariyallur,Acute Diarrheal Disease,14,0,24-03-22,24-03-22
West Bengal,South 24 Parganas,Acute Diarrheal Disease,35,0,26-03-22,26-03-22
Jharkhand,Sahibganj,Measles,63,0,16-12-21,29-03-22
Jharkhand,Godda,Measles,2,0,29-03-22,30-03-22
Kerala,Ernakulam,Acute Diarrheal Disease,21,0,21-03-22,06-04-22
Kerala,Thrissur,Acute Diarrheal Disease (Shigella),7,0,30-03-22,04-04-22
Kerala,Kollam,Food Poisoning,18,0,28-03-22,01-04-22
Kerala,Thiruvananthapuram,Dengue,8,0,16-03-22,05-04-22
Kerala,Idukki,Food Poisoning,12,0,28-03-22,02-04-22
Karnataka,Davanagere,Acute Diarrheal Disease,21,0,27-03-22,28-03-22
Karnataka,Koppal,Food Poisoning,50,0,29-03-22,30-03-22
Maharashtra,Akola,Chikungunya,3,0,29-03-22,30-03-22
Odisha,Koraput,Acute Diarrheal Disease,9,1,04-03-22,04-04-22
Odisha,Ganjam,Acute Diarrheal Disease,83,0,05-04-22,07-04-22
Odisha,Ganjam,Acute Diarrheal Disease,69,0,03-04-22,04-04-22
Odisha,Koraput,Acute Diarrheal Disease,8,0,28-03-22,29-03-22
Punjab,Nawanshahr,Hepatitis-A,207,0,28-03-22,28-03-22
Punjab,Rupnagar,Hepatitis-A,35,0,01-04-22,01-04-22
Rajasthan,Sri Ganganagar,Jaundice,23,1,25-03-22,29-03-22
Tamil Nadu,Pudukkottai,Dengue,15,0,30-03-22,30-03-22
Tamil Nadu,Krishnagiri,Food Poisoning,18,0,31-03-22,01-04-22
Tamil Nadu,Tiruchirappalli,Chickenpox,24,0,28-03-22,04-04-22
Telangana,Jagtial,Food Poisoning,25,0,02-04-22,03-04-22
Uttarakhand,Haridwar,Food Poisoning,89,0,03-04-22,04-04-22
Karnataka,Dakshina Kannada,Acute Diarrheal Disease,12,0,02-04-22,03-04-22
Jharkhand,Godda,Chickenpox,5,0,14-04-22,14-04-22
Meghalaya,South West Garo Hills,Chickenpox,32,0,02-04-22,18-04-22
Odisha,Angul,Food Poisoning,18,0,08-04-22,09-04-22
Telangana,Hyderabad,Acute Diarrheal Disease,95,0,08-04-22,07-04-22
West Bengal,Hooghly,Cholera,50,0,06-04-22,07-04-22
Haryana,Nuh,Measles,9,0,23-03-22,
Karnataka,Chikkaballapura,Chickenpox,17,0,27-03-22,
Jharkhand,Godda,Measles,14,0,10-04-22,12-04-22
Karnataka,Tumkuru,Food Poisoning,19,0,11-04-22,12-04-22
Odisha,Ganjam,Acute Diarrheal Disease,32,0,11-04-22,12-04-22
Odisha,Ganjam,Acute Diarrheal Disease,39,0,08-04-22,12-04-22
Tamil Nadu,Kancheepuram,Food Borne Illness,15,0,16-04-22,18-04-22
Tamil Nadu,Kallakurichi,Acute Diarrheal Disease,14,0,17-04-22,18-04-22
Uttar Pradesh,Lucknow,Chickenpox,10,0,12-04-22,13-04-22
West Bengal,Paschim Medinipur,Acute Diarrheal Disease,105,0,12-04-22,13-04-22
West Bengal,South Parganas,Food Poisoning,160,0,16-04-22,17-04-22
West Bengal,North 24 Parganas,Acute Diarrheal Disease,132,0,17-04-22,19-04-22
Kerala,Palakkad,Dengue,18,0,26-03-22,
Karnataka,Chamarajanagara,Chikungunya,30,0,05-04-22,
Karnataka,Bellary,Chikungunya,11,0,06-04-22,
Gujarat,Junagadh,Food Poisoning,64,0,18-04-22,18-04-22
Haryana,Panipat,Acute Diarrheal Disease,6,0,23-04-22,25-04-22
Jharkhand,Godda,Fever with Rash,20,0,20-04-22,22-04-22
Jharkhand,Godda,Measles,14,0,24-04-22,28-04-22
Kerala,Kannur,Food Poisoning,53,0,22-04-22,23-04-22
Kerala,Kollam,Acute Diarrheal Disease,61,0,24-04-22,25-04-22
Kerala,Trivandrum,Acute Diarrheal Disease,6,0,19-04-22,22-04-22
Maharashtra,Solapur,Food Poisoning,31,0,17-04-22,19-04-22
Odisha,Kandhamal,Acute Diarrheal Disease,11,0,18-04-22,22-04-22
Odisha,Sundargarh,Food Poisoning,26,0,17-04-22,18-04-22
Odisha,Ganjam,Cholera,23,0,21-04-22,24-04-22
Telangana,Nalgonda,Food Poisoning,60,0,17-04-22,18-04-22
Tamil Nadu,Ariyalur,Fever with Rash,9,0,18-04-22,25-04-22
Tamil Nadu,Thiruvarur,Food Borne Illness,41,0,23-04-22,26-04-22
Tamil Nadu,Thanjavur,Food Borne Illness,11,0,22-04-22,23-04-22
Uttarakhand,Dehradun,Viral Hepatitis A,5,0,21-04-22,25-04-22
West Bengal,South 24 Parganas,Acute Diarrheal Disease,71,0,19-04-22,20-04-22
West Bengal,Bardhaman,Acute Diarrheal Disease,91,0,18-04-22,19-04-22
West Bengal,Howrah,Cholera,53,0,17-04-22,17-04-22
Jharkhand,Godda,Chickenpox,8,0,14-04-22,
Kerala,Malappuram,Hepatitis A,20,0,14-04-22,
Meghalaya,East Khasi Hills,Influenza A,129,0,05-04-22,
Odisha,Bhadrak,Food Poisoning,37,0,22-04-22,
Assam,Nagaon,Chickenpox,13,0,29-04-22,30-04-22
Gujarat,Bhavnagar,Crimean Congo Haemorrhagic Fever,1,1,21-04-22,25-04-22
Jharkhand,Godda,Measles,14,0,24-04-22,28-04-22
Karnataka,Hassan,Acute Diarrheal Disease,40,0,24-04-22,26-04-22
Karnataka,Kodagu,Food Poisoning,50,0,28-04-22,30-04-22
Kerala,Kollam,Acute Diarrheal Disease,63,0,29-04-22,04-05-22
Kerala,Kasaragod,Acute Diarrheal Disease (Shigella),58,1,01-05-22,04-05-22
Kerala,Kannur,Food Poisoning,26,0,24-04-22,27-04-22
Odisha,Angul,Food Poisoning,85,0,29-04-22,02-05-22
Odisha,Gajapati,Chickenpox,25,0,29-04-22,02-05-22
Odisha,Ganjam,Acute Diarrheal Disease,29,0,26-04-22,28-04-22
Odisha,Jajpur,Food Poisoning,41,0,02-05-22,03-05-22
Odisha,Nuapada,Food Poisoning,100,0,28-04-22,29-04-22
Rajasthan,Pali,Food Poisoning,42,0,27-04-22,28-04-22
Rajasthan,Sirohi,Acute Encephalitis Syndrome,12,7,22-04-22,23-04-22
Tamil Nadu,Ariyalur,Acute Diarrheal Disease,17,0,28-04-22,02-05-22
Tamil Nadu,Krishnagiri,Food Poisoning,11,0,29-04-22,30-04-22
Tamil Nadu,Madurai,Chickenpox,5,0,26-04-22,29-04-22
West Bengal,Howrah,Food Poisoning,120,0,02-05-22,03-05-22
West Bengal,Hooghly,Acute Diarrheal Disease,40,0,25-04-22,25-04-22
Gujarat,Navsari,Acute Diarrheal Disease,21,0,02-01-22,
Kerala,Ernakulam,Dengue,16,0,28-03-22,
Rajasthan,Sri Ganganagar,Jaundice,28,1,25-03-22,
Andhra Pradesh,Krishna,Acute Diarrheal Disease,30,0,28-04-22,03-05-22
Gujarat,Sabarkantha,Dengue,4,3,26-04-22,02-05-22
Jammu & Kashmir,Jammu,Chickenpox,8,0,05-05-22,05-05-22
Jharkhand,Dhanbad,Measles,8,0,07-05-22,07-05-22
Karnataka,Chikkamagaluru,Food Poisoning,51,0,06-05-22,07-05-22
Karnataka,Hassan,Acute Diarrheal Disease,40,0,26-04-22,05-05-22
Karnataka,Shivamogga,Acute Diarrheal Disease,85,0,07-05-22,07-05-22
Kerala,Alappuzha,Food Poisoning,66,0,29-04-22,05-05-22
Kerala,Thiruvananthapuram,Acute Diarrheal Disease,10,0,04-05-22,09-05-22
Kerala,Wayanad,Food Poisoning,13,0,03-05-22,05-05-22
Kerala,Wayanad,Food Poisoning,16,0,02-05-22,03-05-22
Madhya Pradesh,Dewas,Food Poisoning,300,0,02-05-22,02-05-22
Madhya Pradesh,Mandsaur,Acute Diarrheal Disease,254,0,07-05-22,08-05-22
Odisha,Jajpur,Food Poisoning,18,0,02-05-22,05-05-22
Odisha,Nabarangpur,Food Poisoning,18,0,05-05-22,06-05-22
Punjab,S.A.S Nagar,Acute Diarrheal Disease,113,0,25-04-22,02-05-22
Tamil Nadu,Pudukkottai,Food Poisoning,41,0,05-05-22,09-05-22
Tamil Nadu,Pudukkottai,Food Borne Illness,48,0,05-05-22,05-05-22
Tamil Nadu,Thanjavur,Chickenpox,5,0,03-05-22,04-05-22
Tamil Nadu,Thanjavur,Chickenpox,8,0,03-05-22,04-05-22
Tamil Nadu,Thiruvannamalai,Food Poisoning,18,0,03-05-22,04-05-22
Tamil Nadu,Thiruvannamalai,Food Poisoning,18,0,03-05-22,04-05-22
Tamil Nadu,Vellore,Acute Diarrheal Disease,15,0,07-05-22,07-05-22
Uttarakhand,Almora,Measles,8,0,02-05-22,08-05-22
Uttarakhand,Almora,Measles,8,0,02-05-22,03-05-22
Uttar Pradesh,Fatehpur,Chickenpox,3,0,06-05-22,06-05-22
West Bengal,Paschim Medinipur,Food Poisoning,253,0,02-05-22,02-05-22
West Bengal,South 24 Parganas,Food Poisoning,195,0,05-05-22,10-05-22
Jharkhand,East Singhbhum,Malaria,37,1,21-04-22,
Kerala,Kottayam,Food Poisoning,13,0,22-03-22,
Punjab,Kapurthala,Acute Diarrheal Disease,11,0,25-04-22,
Arunachal Pradesh,West Siang,Food Poisoning,3,0,09-05-2022,13-05-2022
Assam,Nagaon,Leptospirosis,2,0,07-05-2022,09-05-2022
Bihar,Supaul,Food Poisoning,23,0,10-05-2022,14-05-2022
Chhattisgarh,Gariyaband,Acute Diarrheal Disease,33,0,13-05-2022,14-05-2022
Chhattisgarh,Janjgir Champa,Acute Diarrheal Disease,57,0,07-05-2022,10-05-2022
Gujarat,Navsari,Acute Diarrheal Disease,47,0,15-05-2022,15-05-2022
Gujarat,Surendranagar,Hepatitis A,46,0,10-05-2022,11-05-2022
Haryana,Panipat,Suspected Measles,3,0,14-05-2022,17-05-2022
Haryana,Palwal,Fever with Rash,7,0,10-05-2022,12-05-2022
Jammu and Kashmir,Anantnag,Chickenpox,10,0,13-05-2022,14-05-2022
Jammu and Kashmir,Anantnag,Hepatitis A,26,0,13-05-2022,14-05-2022
Jammu and Kashmir,Badgam,Jaundice,12,0,13-05-2022,13-05-2022
Jharkhand,Dhumka,Chickenpox,28,0,11-05-2022,11-05-2022
Karnataka,Hassan,Acute Diarrheal Disease,20,0,09-05-2022,11-05-2022
Karnataka,Kalaburgai,Cholera,144,0,07-05-2022,09-05-2022
Karnataka,Tumkur,Acute Diarrheal Disease,13,0,13-05-2022,20-05-2022
Kerala,Ernakulam,Acute Diarrheal Disease,65,0,09-05-2022,18-05-2022
Kerala,Kozhikode,Acute Diarrheal Disease,100,0,08-05-2022,11-05-2022
Kerala,Malappuram,Hepatitis A,20,0,14-04-2022,09-05-2022
Kerala,Palakkad,Noro Virus,21,0,09-05-2022,16-05-2022
Kerala,Wayanad,Food Poisoning,47,0,08-05-2022,12-05-2022
Kerala,Thiruvananthapuram,Suspected Food Poisoning,4,0,06-05-2022,10-05-2022
Madhya Pradesh,Datia,Chickenpox,6,0,09-05-2022,10-05-2022
Madhya Pradesh,Morena,Acute Diarrheal Disease,15,0,13-05-2022,14-05-2022
Maharashtra,Jalgaon,Dengue,9,1,06-05-2022,11-05-2022
Maharashtra,Nashik,Chikungunya,6,0,09-05-2022,10-05-2022
Odisha,Ganjam,Acute Diarrheal Disease,22,0,10-05-2022,16-05-2022
Punjab,Jalandhar,Chickenpox,16,0,10-05-2022,13-05-2022
Punjab,S.A.S Nagar,Acute Diarrheal Disease,18,0,11-05-2022,12-05-2022
Rajasthan,Bikaner,Acute Diarrheal Disease,27,0,12-05-2022,13-05-2022
Tamil Nadu,Krishnagiri,Dengue & Scrub Typhus,12,0,15-05-2022,16-05-2022
Tamil Nadu,Tiruchirappalli,Food Poisoning,12,0,09-05-2022,16-05-2022
Tamil Nadu,Thoothukudi,Hepatitis A,5,0,11-05-2022,15-05-2022
Tamil Nadu,Vellore,Acute Diarrheal Disease,15,0,06-05-2022,11-05-2022
Uttar Pradesh,Lucknow,Chickenpox,6,0,12-05-2022,13-05-2022
West Bengal,Jalpaiguri,Dengue,272,0,08-05-2022,08-05-2022
West Bengal,Paschim Medinipur,Hepatitis A,10,0,06-05-2022,06-05-2022
West Bengal,South 24 Parganas,Cholera,60,0,12-05-2022,13-05-2022
Haryana,Yamuna Nagar,Food Poisoning,20,0,11-05-2022,
Jammu and Kashmir,Baramulla,Chickenpox,32,0,28-04-2022,
Jammu and Kashmir,Baramulla,Chickenpox,81,0,28-04-2022,
Jammu and Kashmir,Kupwara,Influenza A,10,0,28-04-2022,
Jharkhand,Gumla,Chickenpox,35,0,02-05-2022,
Jharkhand,Saraikela Kharsawan,Chickenpox,6,0,04-05-2022,
Karnataka,Shivamogga,Kyasanur Forest Disease,4,1,03-05-2022,
Karnataka,Tumkur,Rabies,1,1,04-05-2022,
Karnataka,Tumkur,Suspected Chickenpox,19,0,28-04-2022,
Maharashtra,Sindhudurg (Kudal),Malaria (PV),5,0,04-05-2022,
Uttarakhand,Nainital,Measles,8,2,24-04-2022,
Jharkhand,Godda,Measles,9,0,05-01-22,09-01-22
Meghalaya,East Jaintia Hills,Acute Diarrheal Disease,160,0,02-01-22,02-01-22
Andhra Pradesh,N. T. Rama Rao,Acute Diarrheal Disease,29,0,15-05-22,21-05-22
Arunachal Pradesh,Anjaw,Chickenpox,36,0,17-05-22,19-05-22
Assam,Nalbari,Chickenpox,9,0,15-05-22,17-05-22
Assam,Udalguri,Acute Diarrheal Disease,14,0,17-05-22,19-05-22
Gujarat,Bhavnagar,Food Poisoning,173,0,16-05-22,18-05-22
Jammu and Kashmir,Kupwara,Chickenpox,10,0,18-05-22,19-05-22
Kerala,Ernakulam,Fever with rash,13,0,16-05-22,24-05-22
Kerala,Alappuzha,Dengue,7,0,17-05-22,20-05-22
Kerala,Kottayam,Food Poisoning,12,0,18-05-22,21-05-22
Kerala,Malappuram,Food Poisoning,8,0,17-05-22,21-05-22
Kerala,Pathanamthitta,Food Poisoning,27,0,15-05-22,18-05-22
Kerala,Thiruvananthapuram,Food poisoning,5,0,21-05-22,22-05-22
Kerala,Thiruvananthapuram,Dengue,7,0,13-05-22,24-05-22
Kerala,Wayanad,Acute Diarrheal Disease,22,0,13-05-22,16-05-22
Kerala,Kasaragod,Leptospirosis,18,0,21-02-22,21-05-22
Kerala,Wayanad,Mumps,36,0,11-02-22,20-05-22
Karnataka,Ballari,Acute Diarrheal Disease,22,0,17-05-22,17-05-22
Maharashtra,Pune,Dengue,21,0,16-05-22,17-05-22
Punjab,Jalandhar,Chickenpox,16,0,18-05-22,20-05-22
Telangana,Nalgonda,Acute Diarrheal Disease,6,0,16-05-22,21-05-22
Telangana,Nalgonda,Food Poisoning,28,0,16-05-22,23-05-22
Uttar Pradesh,Lucknow,Chickenpox,5,0,14-05-22,18-05-22
Uttar Pradesh,Mirzapur,Acute Diarrheal Disease,7,0,18-05-22,20-05-22
Uttar Pradesh,Mirzapur,Acute Diarrheal Disease,5,0,18-05-22,20-05-22
West Bengal,Hooghly,Food Poisoning,49,0,22-05-22,23-05-22
Karnataka,Tumakuru,Acute Diarrheal Disease,13,0,11-05-22,
Karnataka,Uttar Kannad,Kyasanur Forest Disease,1,1,21-04-22,
Madhya Pradesh,Betul,Food Poisoning,65,0,06-05-22,
Madhya Pradesh,Chhatarpur,Fever with Rash,3,0,29-04-22,
Maharashtra,Pune,Dengue,12,0,23-04-22,
Meghalaya,West Jaintia Hills,Acute Diarrheal Disease,110,0,12-05-22,
Meghalaya,West Jaintia Hills,Acute Diarrheal Disease,60,0,01-05-22,
Arunachal Pradesh,Kamle,Scrub Typhus,2,0,28-05-22,28-05-22
Arunachal Pradesh,West Kameng,Acute Diarrheal Disease,37,0,27-05-22,27-05-22
Gujarat,Surat,Food Poisoning,132,0,24-05-22,26-05-22
Jammu and Kashmir,Doda,Chickenpox,18,0,22-05-22,23-05-22
Jammu and Kashmir,Pulwama,Chickenpox,11,0,26-05-22,27-05-22
Jharkhand,Dumka,Chickenpox,18,0,23-05-22,23-05-22
Jharkhand,Pakur,Measles,7,0,21-05-22,23-05-22
Jharkhand,West Singhbhum,Food Poisoning,15,0,27-05-22,28-05-22
Jharkhand,West Singhbhum,Dysentry,9,0,28-05-22,28-05-22
Kerala,Kannur,Food Poisoning,27,0,23-05-22,25-05-22
Kerala,Kozhikode,Acute Diarrheal Disease,42,0,24-05-22,26-05-22
Kerala,Palakkad,Acute Diarrheal Disease,29,0,23-05-22,30-05-22
Madhya Pradesh,Jabalpur,Leptospirosis,1,1,24-05-22,24-05-22
Madhya Pradesh,Neemuch,Chickenpox,4,0,24-05-22,24-05-22
Madhya Pradesh,Ratlam,Acute Diarrheal Disease,113,0,22-05-22,23-05-22
Maharashtra,Chandrapur,Malaria,13,1,25-05-22,25-05-22
Maharashtra,Latur,Food Poisoning,42,0,25-05-22,25-05-22
Maharashtra,Latur,Food Poisoning,376,0,23-05-22,23-05-22
Odisha,Dhenkanal,Acute Diarrheal Disease,16,0,23-05-22,25-05-22
Odisha,Dhenkanal,Acute Diarrheal Disease,21,0,24-05-22,25-05-22
Odisha,Jajpur,Dysentery,16,0,26-05-22,27-05-22
Odisha,Koraput,Rubella,10,0,22-05-22,28-05-22
Odisha,Keonjhar,Acute Diarrheal Disease,8,0,25-05-22,26-05-22
Odisha,Sundargarh,Food Poisoning,24,0,25-05-22,28-05-22
Puducherry,Karaikal,Acute Diarrheal Disease,113,0,26-05-22,01-08-22
Puducherry,Karaikal,Cholera,26,0,25-05-22,28-05-22
Punjab,Faridkot,Chickenpox,6,0,23-05-22,24-05-22
Tamil Nadu,Tiruchirappalli,Food Poisoning,34,0,24-05-22,25-05-22
Tamil Nadu,Thiruvarur,Food Poisoning,67,0,27-05-22,30-05-22
Tamil Nadu,Trichirapalli,Food Poisoning,34,0,24-05-22,25-05-22
Uttar Pradesh,Sant Ravi Das Nagar,Acute Diarrheal Disease,21,1,21-05-22,28-05-22
Uttarakhand,Almora,Fever with Rash,11,0,26-05-22,29-05-22
Uttarakhand,Udhamsingh Nagar,Acute Diarrheal Disease,10,0,29-05-22,29-05-22
West Bengal,Hooghly,Cholera,67,0,22-05-22,23-05-22
Andhra Pradesh,Nandyal,Food Poisoning,13,2,31-05-2022,02-06-2022
Assam,Baksa,Acute Diarrheal Disease,15,0,31-05-2022,31-05-2022
Assam,Bongaigaon,Food Poisoning,20,0,04-06-2022,04-06-2022
Assam,Bongaigaon,Food Poisoning,19,0,03-06-2022,03-06-2022
Chhattisgarh,Janjgir-Champa,Food Poisoning,53,0,02-06-2022,03-06-2022
Gujarat,Chhota Udepur,Acute Diarrheal Disease,203,0,29-06-2022,04-06-2022
Haryana,Gurugram,Acute Diarrheal Disease,6,0,30-05-22,30-05-22
Haryana,Nuh,Measles,18,0,23-05-22,06-06-22
Jammu and Kashmir,Shopian,Chickenpox,14,0,31-05-22,01-06-22
Karnataka,Kalaburagi,Acute Diarrheal Disease,16,0,01-06-22,03-06-22
Karnataka,Mysuru,Acute Diarrheal Disease,41,0,30-05-2022,02-06-2022
Karnataka,Raichur,Acute Diarrheal Disease,321,3,29-05-22,30-05-22
Karnataka,Vijayapura,Chikungunya,13,0,01-06-2022,01-06-2022
Kerala,Alappuzha,Acute Diarrheal Disease,9,0,27-05-22,01-06-22
Kerala,Kasaragod,Food Poisoning,22,0,02-06-22,06-02-22
Kerala,Kottayam,Food Poisoning,11,0,05-06-22,06-06-22
Kerala,Thiruvananthapuram,Acute Diarrheal Disease (Norovirus),47,0,28-05-22,02-06-22
Madhya Pradesh,Gwalior,Acute Diarrheal Disease,48,0,17-03-2022,05-06-2022
Madhya Pradesh,Morena,Acute Diarrheal Disease,4,0,31-05-2022,31-05-2022
Madhya Pradesh,Narsinghpur,Acute Diarrheal Disease,136,2,31-05-2022,31-05-2022
Madhya Pradesh,Sheopur,Acute Diarrheal Disease,56,0,04-06-2022,04-06-2022
Maharashtra,Gadchiroli,Malaria,196,0,29-05-2022,31-05-2022
Maharashtra,Gadchiroli,Malaria,114,1,29-05-2022,30-05-2022
Maharashtra,Nagpur,Acute Diarrheal Disease,41,0,01-06-2022,02-06-2022
Maharashtra,Pune,Acute Diarrheal Disease,97,0,20-05-2022,31-05-2022
Maharashtra,Satara,Chikungunya,5,0,31-05-2022,31-05-2022
Nagaland,Tuensang,Suspected Filariasis,21,0,31-05-2022,01-06-2022
Odisha,Boudh,Food Poisoning,10,0,02-06-22,05-06-22
Odisha,Mayurbhanj,Acute Diarrheal Disease,73,0,31-05-22,04-06-22
Rajasthan,Alwar,Measles,11,0,05-05-22,06-05-22
Tamil Nadu,Dharmapuri,Acute Diarrheal Disease,24,0,03-06-22,05-06-22
Tamil Nadu,Kallakurichi,Acute Diarrheal Disease,40,0,30-05-22,31-05-22
Tamil Nadu,Kallakurichi,Acute Diarrheal Disease,40,0,30-05-2022,30-05-2022
Tamil Nadu,Pudukkottai,Food Poisoning,17,0,31-05-2022,31-05-2022
Tamil Nadu,Pudukkottai,Food Poisoning,28,0,31-05-22,31-05-22
Tamil Nadu,Thanjavur,Acute Diarrheal Disease,9,0,03-06-2022,04-06-2022
Tamil Nadu,Thiruvarur,Food Poisoning,67,0,28-05-2022,01-06-2022
Uttarakhand,Udham Singh Nagar,Acute Diarrheal Disease,39,0,30-05-2022,03-06-2022
Uttar Pradesh,Lucknow,Chickenpox,5,0,01-06-2022,02-06-2022
Uttar Pradesh,Siddharth Nagar,Acute Diarrheal Disease,30,1,31-05-22,06-06-22
Andhra Pradesh,Nandyal,Acute Diarrheal Disease,16,1,16-05-22,
Andhra Pradesh,Nandyal,Acute Diarrheal Disease,5,1,18-05-22,
Arunachal Pradesh,Upper Siang,Malaria,36,0,12-05-22,
Chhattisgarh,Janjgir Champa,Acute Diarrheal Disease,33,0,23-05-22,
Jharkhand,Ranchi,Acute Diarrheal Disease,21,0,20-05-22,
Kerala,Thiruvananthapuram,Acute Diarrheal Disease,11,0,26-05-22,
Kerala,Thiruvananthapuram,Acute Diarrheal Disease (Norovirus),16,0,24-05-22,
Assam,Dibrugarh,Acute Diarrheal Disease,18,0,10-06-2022,11-06-2022
Assam,Karbi Anglong,Acute Diarrheal Disease,54,0,09-06-2022,10-06-2022
Assam,Sonitpur,Dengue,2,0,03-06-2022,08-06-2022
Chhattisgarh,Balod,Food Poisoning,3,1,03-06-2022,06-06-2022
Chhattisgarh,Bilaspur,Food Poisoning,59,1,06-06-2022,10-06-2022
Chhattisgarh,Jashpur,Acute Diarrheal Disease,12,0,07-06-2022,09-06-2022
Gujarat,Junagadh,Acute Diarrheal Disease,25,0,06-06-2022,06-06-2022
Jammu and Kashmir,Bandipora,Acute Respiratory Illness,32,0,06-06-2022,06-06-2022
Jammu and Kashmir,Kupwara,Acute Respiratory Illness,18,0,08-06-2022,09-06-2022
Jharkhand,Latehar,Suspected Food Poisoning,3,1,06-06-2022,07-06-2022
Jharkhand,Ranchi,Acute Encephalitic Syndrome,1,0,21-01-2022,08-06-2022
Jharkhand,Ranchi,Fever with Rash,1,0,03-06-2022,08-06-2022
Jharkhand,West Singhbhum,Acute Diarrheal Disease,4,0,06-06-2022,06-06-2022
Karnataka,Kolar,Food Poisoning,30,0,06-06-2022,06-06-2022
Karnataka,Davanagere,Suspected Food Poisoning,30,0,07-06-2022,07-06-2022
Karnataka,Vijayapura,Suspected Food Poisoning,23,0,07-06-2022,08-06-2022
Karnataka,Haveri,Japanese Encephalitis,2,0,08-06-2022,08-06-2022
Karnataka,Gadag,Food Poisoning,38,0,10-06-2022,11-06-2022
Kerala,Thrissur,Food Poisoning,49,0,13-06-2022,15-06-2022
Kerala,Thiruvananthapuram,Acute Diarrheal Disease (Norovirus),8,0,05-06-2022,06-06-2022
Kerala,Thiruvananthapuram,Acute Diarrheal Disease,9,0,07-06-2022,08-06-2022
Kerala,Thiruvananthapuram,Hand Foot Mouth Disease,5,0,04-06-2022,11-06-2022
Madhya Pradesh,Bhopal,Acute Diarrheal Disease,32,0,07-06-2022,12-06-2022
Madhya Pradesh,Morena,Acute Diarrheal Disease,12,0,07-06-2022,07-06-2022
Madhya Pradesh,Sagar,Chickenpox,5,0,04-06-2022,07-06-2022
Maharashtra,Chandrapur,Malaria,3,1,04-06-2022,06-06-2022
Maharashtra,Latur,Acute Diarrheal Disease,21,0,07-06-2022,08-06-2022
Maharashtra,Satara,Chikungunya,5,0,03-06-2022,07-06-2022
Maharashtra,Yavatmal,Food Poisoning,15,0,06-06-2022,08-06-2022
Nagaland,Longleng,Chickenpox,10,0,26-05-2022,10-06-2022
Nagaland,Mon,Fever with Rash,26,0,06-06-2022,07-06-2022
Nagaland,Peren,Fever with Rash,4,0,07-06-2022,08-06-2022
Odisha,Khordha,Acute Diarrheal Disease,7,0,10-06-2022,13-06-2022
Rajasthan,Bhilwara,Acute Diarrheal Disease,160,0,08-06-2022,09-06-2022
Tamil Nadu,Dharmapuri,Acute Diarrheal Disease,26,0,03-06-2022,06-06-2022
Tamil Nadu,Tiruchirappalli,Acute Diarrheal Disease,7,0,06-06-2022,07-06-2022
Tamil Nadu,Tiruchirappalli,Cholera,17,0,06-06-2022,07-06-2022
Tamil Nadu,Tiruchirappalli,Acute Diarrheal Disease,17,0,06-06-2022,14-06-2022
Andhra Pradesh,Nandyal,Acute Diarrheal Disease,10,0,31-05-2022,
Assam,Cachar,Chickenpox,5,0,22-05-2022,
Karnataka,BBMP,Cholera,169,1,31-05-2022,
Kerala,Ernakulam,Dengue,69,0,24-04-2022,
Kerala,Malappuram,Shigella,2,0,29-05-2022,
Kerala,Thiruvananthapuram,Leptospirosis,10,0,29-03-2022,
Madhya Pradesh,Ujjain,Acute Flaccid Paralysis,1,0,05-05-2022,
Maharashtra,Jalgaon,Chikungunya,9,0,23-05-2022,
Tamil Nadu,Tenkasi,Dengue,19,0,20-05-2022,
Assam,Jorhat,Pyrexia of Unknown Origin,25,0,15-06-2022,16-06-2022
Chhattisgarh,Balod,Acute Diarrheal Disease,8,1,15-06-2022,15-06-2022
Himachal Pradesh,Solan,Dengue,34,0,10-06-2022,18-06-2022
Jammu and Kashmir,Ganderbal,Chickenpox,13,0,12-06-2022,13-06-2022
Jammu and Kashmir,Jammu,Fever with Rash,8,0,17-06-2022,17-06-2022
Jharkhand,East Singhbhum,Acute Diarrheal Disease,21,1,11-06-2022,13-06-2022
Jharkhand,West Singhbhum,Fever with Rash,5,0,16-06-2022,16-06-2022
Karnataka,Chikkamagaluru,Acute Diarrheal Disease,37,0,11-06-2022,13-06-2022
Karnataka,Shivamogga,Acute Diarrheal Disease,45,0,13-06-2022,14-06-2022
Karnataka,Kolar,Acute Diarrheal Disease,13,0,14-06-2022,14-06-2022
Karnataka,Dakshina Kannada,Acute Diarrheal Disease,18,0,13-06-2022,14-06-2022
Karnataka,Mandya,Acute Diarrheal Disease,14,0,12-06-2022,15-06-2022
Karnataka,Vijayapura,Chikungunya,16,0,12-06-2022,15-06-2022
Karnataka,Chikkaballapura,Dengue,28,1,08-06-2022,17-06-2022
Madhya Pradesh,Rewa,Acute Diarrheal Disease,20,1,12-06-2022,13-06-2022
Maharashtra,Gondia,Malaria,47,1,13-06-2022,15-06-2022
Maharashtra,Nagpur,Acute Diarrheal Disease,47,0,15-06-2022,16-06-2022
Punjab,Patiala,Acute Diarrheal Disease,283,0,15-06-2022,17-06-2022
Tamil Nadu,Thanjavur,Chickenpox,8,0,18-06-2022,18-06-2022
Uttar Pradesh,Kaushambi,Acute Diarrheal Disease,8,2,16-06-2022,17-06-2022
Uttar Pradesh,Lucknow,Pyrexia of Unknown Origin,19,0,18-06-2022,18-06-2022
Uttar Pradesh,Sitapur,Food Poisoning,39,0,03-05-2022,14-06-2022
Gujarat,Sabarkantha,Hepatitis A,9,0,07-06-2022,
Maharashtra,Washim,Measles & Rubella,30,0,30-04-2022,
Chhattisgarh,Balod,Food Poisoning,15,0,25-06-22,25-06-22
Dadra And Nagar Haveli And Daman And Diu,Dadra And Nagar Haveli,Acute Diarrheal Disease,17,0,16-06-22,21-06-22
Himachal Pradesh,Mandi,Acute Diarrheal Disease,19,0,22-06-22,22-06-22
Karnataka,Bangalore Rural,Suspected Dengue,14,1,23-06-22,24-06-22
Karnataka,Bengaluru Rural,Human Rabies,1,1,03-03-22,22-06-22
Karnataka,Mysuru,Acute Diarrheal Disease,26,0,20-06-22,22-06-22
Karnataka,Mandya,Acute Diarrheal Disease,21,0,20-06-22,24-06-22
Kerala,Ernakulam,Dengue,47,1,10-05-22,27-06-22
Kerala,Kozhikode,Hepatitis A,17,0,20-06-22,27-06-22
Kerala,Wayanad,Suspected Mumps,11,0,25-06-22,27-05-22
Maharashtra,Pune,Dengue,7,0,17-05-22,22-06-22
Maharashtra,Sangli,Acute Diarrheal Disease,83,0,23-06-22,24-06-22
Punjab,Fatehgarh Sahib,Acute Diarrheal Disease,6,0,18-06-2022,21-06-2022
Punjab,Patiala,Acute Diarrheal Disease,140,0,22-06-22,22-06-22
Rajasthan,Jalore,Acute Diarrheal Disease,115,0,22-06-2022,23-06-2022
Tamil Nadu,Thiruvarur,Food Poisoning,12,0,24-06-22,27-06-22
Tamil Nadu,Tiruvannamalai,Food Poisoning,47,0,23-06-22,27-06-22
Assam,Nagaon,Leptospirosis,2,1,14-06-22,
Assam,Nagaon,Japanese Encephalitis,1,1,14-06-22,
Assam,Nagaon,Leptospirosis,4,0,14-06-22,
Karnataka,Dakshina Kannada,Fever with Rash,32,0,16-05-22,
Kerala,Ernakulam,Dengue,50,0,02-05-22,
Kerala,Ernakulam,Dengue,20,0,10-05-22,
Arunachal Pradesh,Kra Daadi,Acute Diarrheal Disease,20,0,01-07-2022,02-07-2022
Chhattisgarh,Kabirdham,Mushroom Poisoning,9,0,27-06-2022,29-06-2022
Jharkhand,Giridih,Suspected Measles,2,0,24-06-2022,29-06-2022
Karnataka,Bagalkote,Acute Diarrheal Disease,25,0,01-07-2022,02-07-2022
Karnataka,Kalaburagi,Acute Diarrheal Disease,19,0,26-06-2022,28-06-2022
Karnataka,Mandya,Rabies,1,1,24-06-2022,29-06-2022
Madhya Pradesh,Bhopal,Chickenpox,3,0,27-06-2022,28-06-2022
Madhya Pradesh,Narsinghpur,Acute Diarrheal Disease,20,0,30-06-2022,30-06-2022
Madhya Pradesh,Seoni,Acute Diarrheal Disease,35,0,27-06-2022,01-07-2022
Nagaland,Kiphire,Acute Diarrheal Disease,76,0,02-07-2022,03-07-2022
Odisha,Bargarh,Suspected Food Poisoning,95,0,28-06-2022,29-06-2022
Tamil Nadu,Villupuram,Acute Diarrheal Disease,8,0,28-06-2022,28-06-2022
Telangana,Siddipet,Food Poisoning,132,0,26-06-2022,27-06-2022
Haryana,Nuh,Measles,18,0,23-05-2022,
Kerala,Palakkad,Hepatitis A,5,0,03-05-2022,
Madhya Pradesh,Dhar,Malaria,10,0,23-06-2022,
Maharashtra,Chandrapur,Malaria,2,0,06-06-2022,
Maharashtra,Sindhudurg,Dengue,7,0,15-06-2022,
Uttar Pradesh,Ghazipur,Acute Diarrheal Disease,3,1,17-05-2022,
Uttar Pradesh,Ghazipur,Chickenpox,3,0,13-04-2022,
Uttar Pradesh,Ghazipur,Chickenpox,5,0,14-05-2022,
Uttar Pradesh,Ghazipur,Chickenpox,15,0,12-05-2022,
Uttar Pradesh,Lucknow,Food Poisoning,6,0,29-06-2022,
Chhattisgarh,Raigarh,Acute Diarrheal Disease,27,0,07-07-2022,10-07-2022
Haryana,Kaithal,Hepatitis A,13,0,07-07-2022,13-07-2022
Haryana,Nuh,Measles,8,0,06-07-2022,07-07-2022
Jharkhand,West Singhbhum,Fever with Rash,5,0,07-07-2022,07-07-2022
Karnataka,Bidar,Chikungunya,36,0,06-07-2022,07-07-2022
Karnataka,Chitradurga,Japanese Encephalitis,1,0,03-07-2022,05-07-2022
Karnataka,Raichur,Acute Diarrheal Disease,42,0,03-07-2022,04-07-2022
Karnataka,Vijayapura,Acute Diarrheal Disease,54,0,03-07-2022,04-07-2022
Maharashtra,Chandrapur,Acute Diarrheal Disease,45,0,04-07-2022,05-07-2022
Odisha,Subarnapur,Acute Diarrheal Disease,24,0,04-07-2022,11-07-2022
Odisha,Sundargarh,Food Poisoning,108,0,05-07-2022,06-07-2022
Punjab,Fatehgarh Sahib,Dengue,19,0,28-07-2022,04-08-2022
Telangana,Jogulamba Gadwal,Acute Diarrheal Disease,38,0,07-07-2022,09-07-2022
Telangana,Jogulamba Gadwal,Acute Diarrheal Disease,65,0,28-07-2022,07-08-2022
Uttarakhand,Rudraprayag,Acute Diarrheal Disease,12,0,04-07-2022,10-07-2022
Uttar Pradesh,Rae Bareli,Chickenpox,25,0,02-07-2022,07-07-2022
Jharkhand,Simdega,Malaria,148,1,28-06-2022,
Kerala,Ernakulam,Dengue,85,0,27-06-2022,
Kerala,Thrissur,Shigella,1,0,01-07-2022,
Kerala,Kollam,Dengue,42,0,16-06-2022,
Madhya Pradesh,Khargone,Acute Diarrheal Disease,19,0,01-07-2022,
Mizoram,Aizawl,Visceral Leishmaniosis,1,0,01-06-2022,
Mizoram,Aizawl,Acute Diarrheal Disease,24,0,22-06-2022,
Odisha,Jharsuguda,Acute Diarrheal Disease,21,1,28-01-2022,
Tamil Nadu,Thiruvarur,Food Poisoning,12,0,25-06-2022,
Telangana,Hyderabad,Acute Diarrheal Disease,65,0,27-06-2022,
Jharkhand,Latehar,Fever with Rash,15,0,12-07-2022,12-07-2022
Karnataka,Hassan,Rabies,1,1,11-07-22,12-07-22
Karnataka,Kalaburagi,Acute Diarrheal Disease,13,0,11-07-22,13-07-22
Karnataka,Uttar Kannada,Leptospirosis,1,1,07-07-22,13-07-22
Kerala,Kannur,Monkey Pox,1,0,14-07-22,14-07-22
Kerala,Kollam,Monkey Pox,1,0,, 
Kerala,Malappuram,Monkey Pox,2,0,, 
Kerala,Thrissur,Monkey Pox,1,1,, 
Madhya Pradesh,Hoshangabad,Acute Diarrheal Disease,13,0,12-07-2022,14-07-2022
Madhya Pradesh,Sagar,Acute Diarrheal Disease,60,0,10-07-2022,11-07-2022
Maharashtra,Chandrapur,Malaria,4,0,11-07-2022,16-07-2022
Odisha,Bargarh,Acute Diarrheal Disease,5,0,15-07-22,18-07-22
Tamil Nadu,Virudhunagar-Sivakasi,Dengue & Scrub typhus,9,0,16-07-22,18-07-22
Telangana,Nirmal,Food Poisoning,10,0,15-07-22,16-07-22
Uttar Pradesh,Mathura,Acute Diarrheal Disease,27,0,09-07-2022,14-07-2022
Uttar Pradesh,Pratapgarh,Food Poisoning,48,0,15-07-22,15-07-22
Uttarakhand,Udhamsingh Nagar,Acute Diarrheal Disease,39,0,15-07-22,17-07-22
Jammu and Kashmir,Baramulla,Chickenpox,22,0,25-06-22, 
Maharashtra,Pune,Dengue and Chikungunya,6,0,28-06-22, 
Odisha,Angul,Acute Diarrheal Disease,85,0,02-05-22, 
Bihar,Pashchim Champaran,Food Poisoning,14,0,19-07-22,19-07-22
Chhattisgarh,Janjgir Champa,Acute Diarrheal Disease,22,0,16-07-22,20-07-22
Karnataka,Chamarajanagar,Suspected Food Poisoning,12,0,19-07-22,20-07-22
Karnataka,Chitradurga,Food Poisoning,58,0,21-07-22,21-07-22
Karnataka,Gadag,Chikungunya,21,0,19-07-22,21-07-22
Karnataka,Kalaburagi,Acute Diarrheal Disease,33,0,16-07-22,18-07-22
Karnataka,Uttara Kannada,Food Poisoning,21,0,18-07-22,19-07-22
Madhya Pradesh,Sagar,Fever with Rash,5,0,19-07-22,19-07-22
Madhya Pradesh,Sagar,Acute Diarrheal Disease,23,0,18-07-22,18-07-22
Madhya Pradesh,Sehore,Acute Diarrheal Disease,15,0,20-07-22,20-07-22
Odisha,Bargarh,Acute Diarrheal Disease,14,0,20-07-22,22-07-22
Odisha,Nabarangpur,Acute Diarrheal Disease,8,0,15-07-22,21-07-22
Odisha,Mayurbhanj,Acute Diarrheal Disease,20,0,16-07-22,20-07-22
Punjab,Mansa,Food Poisoning,13,0,18-07-22,18-07-22
Tamil Nadu,Kanyakumari,Food Poisoning,25,0,21-07-22,22-07-22
Tamil Nadu,Madurai,Suspected Measles,6,1,21-07-22,21-07-22
Uttar Pradesh,Mirzapur,Acute Diarrheal Disease,26,1,17-07-2022,18-07-2022
West Bengal,Burdhawan,Food Poisoning,17,0,18-07-22,19-07-22
Kerala,Palakkad,Chickenpox,10,0,28-06-22,
Madhya Pradesh,Umaria,Acute Diarrheal Disease,7,1,03-07-22,
Telangana,Nirmal,Food Poisoning,106,0,25-08-21,
Jharkhand,Pakur,Fever with Rashes,7,0,10-01-22,16-01-22
Maharashtra,Gadchiroli,Malaria,7,2,10-01-22,14-01-22
Chhattisgarh,Baloda Bazar,Food Poisoning,3,1,29-07-22,29-07-22
Chhattisgarh,Baloda Bazar,Acute Diarrheal Disease,12,0,24-07-22,26-07-22
Chhattisgarh,Baloda Bazar,Acute Diarrheal Disease,31,0,22-07-22,26-07-22
Chhattisgarh,Mahasamund,Acute Diarrheal Disease,20,0,26-07-22,28-07-22
Chhattisgarh,Mahasamund,Acute Diarrheal Disease,29,0,25-07-22,25-07-22
Chhattisgarh,Raigarh,Acute Diarrheal Disease,49,0,26-07-22,27-07-22
Jharkhand,East Singhbum,Chickenpox,22,0,23-07-22,25-07-22
Karnataka,Ballari,Acute Diarrheal Disease,44,1,23-07-22,25-07-22
Karnataka,Chitradunga,Acute Diarrheal Disease,29,0,29-07-22,29-07-22
Karnataka,Mysuru,Pyrexia of Unknown Origin,60,0,29-07-22,30-07-22
Madhya Pradesh,Damoh,Acute Diarrheal Disease,56,0,27-07-22,28-07-22
Madhya Pradesh,Shivpuri,Acute Diarrheal Disease,14,0,28-07-22,29-07-22
Maharashtra,Washim,Cholera,2,0,26-07-22,28-07-22
Mizoram,Serchhip,Food Poisoning,26,0,28-07-22,28-07-22
Odisha,Cuttack,Acute Diarrheal Disease,12,0,27-07-22,27-07-22
Odisha,Balasore,Food Poisoning,12,0,31-07-22,01-08-22
Odisha,Koraput,Acute Diarrheal Disease,8,0,28-07-22,31-07-22
Odisha,Nuapada,Cholera,35,0,25-07-22,26-07-22
Odisha,Subarnapur,Acute Diarrheal Disease,13,0,23-07-22,26-07-22
Odisha,Subarnapur,Acute Diarrheal Disease,51,1,22-07-22,26-07-22
Tamil Nadu,Nagapatinam,Food Poisoning,24,0,28-07-22,02-08-22
Uttar Pradesh,Fatehpur,Dengue,9,0,28-07-22,28-07-22
Uttar Pradesh,Kaushambi,Acute Diarrheal Disease,12,0,28-07-22,28-07-22
Chhattisgarh,Baloda Bazar,Acute Diarrheal Disease,19,0,07-07-22,
Chhattisgarh,Mahasamund,Malaria,9,1,20-07-22,
Jharkhand,Jamtara,Chickenpox,6,0,20-07-22,
Punjab,S.A.S Nagar,Acute Diarrheal Disease,90,0,16-07-22,
Rajasthan,Pratapgarh,Dengue,11,0,16-07-22,
Chhattisgarh,Janjgir - Champa,Acute Diarrheal Disease,16,0,30-07-22,01-08-22
Karnataka,Ballari,Cholera,147,0,05-08-22,05-08-22
Karnataka,Dharwad,Acute Diarrheal Disease,17,0,03-08-22,04-08-22
Karnataka,Hassan,Acute Diarrheal Disease,25,0,25-07-22,04-08-22
Karnataka,Mysuru,Pyrexia of Unknown Origin,25,0,02-08-22,03-08-22
Maharashtra,Akola,Malaria and Dengue,4,0,01-08-22,01-08-22
Mizoram,Aizawl West,Measles,20,0,02-08-22,03-08-22
Odisha,Nabarangpur,Food Poisoning,122,0,31-07-22,01-08-22
Odisha,Nabarangpur,Cholera,10,0,31-07-22,04-08-22
Odisha,Nabarangpur,Food Poisoning,24,0,30-07-22,31-07-22
Punjab,S.A.S Nagar,Acute Diarrheal Disease,121,0,29-07-22,04-08-22
Telangana,Medak,Acute Diarrheal Disease,22,0,01-08-22,02-08-22
Uttarakhand,Uttar Kashi,Jaundice,28,0,27-07-22,04-08-22
Uttar Pradesh,Kaushambi,Acute Diarrheal Disease,22,0,01-08-22,02-08-22
Uttar Pradesh,Mirzapur,Acute Diarrheal Disease,14,0,07-08-22,07-08-22
Uttar Pradesh,Mirzapur,Acute Diarrheal Disease,23,0,05-08-22,05-08-22
Uttar Pradesh,Mirzapur,Acute Diarrheal Disease,9,0,02-08-22,03-08-22
Madhya Pradesh,Hoshangabad,Acute Diarrheal Disease,17,0,26-07-22,
Punjab,S.A.S Nagar,Hand Foot and Mouth Disease,9,0,19-07-22,
Telangana,Medak,Acute Diarrheal Disease,8,0,02-08-22,
Chhattisgarh,Balodabazar,Acute Diarrheal Disease,10,0,09-08-22,10-08-22
Jharkhand,Lohardaga,Food Poisoning,7,0,07-08-22,10-08-22
Kerala,Kollam,Food Poisoning,8,0,10-08-22,16-08-22
Kerala,Kasaragod,Acute Diarrheal Disease,18,0,06-08-22,08-08-22
Maharashtra,Chandrapur,Acute Diarrheal Disease,37,0,04-08-22,08-08-22
Maharashtra,Chandrapur,Acute Diarrheal Disease,5,1,01-08-22,08-08-22
Punjab,Ludhiana,Measles,6,0,05-08-22,09-08-22
Punjab,Patiala,Acute Diarrheal Disease,110,2,06-08-22,09-08-22
Uttarakhand,Pauri Garhwal,Dengue,11,0,08-08-22,14-08-22
West Bengal,Hooghly,Food Poisoning,119,0,10-08-22,10-08-22
Chhattisgarh,Bilaspur,Acute Diarrheal Disease,24,0,01-04-22,
Jammu and Kashmir,Baramulla,Chickenpox,70,0,29-07-22,
West Bengal,Uttar Dinajpur,Measles,38,0,10-07-22,
Assam,Bongaigaon,Japanese Encephalitis,2,0,16-08-22,16-08-22
Haryana,Yamuna Nagar,Acute Diarrheal Disease,25,0,18-08-22,18-08-22
Karnataka,Bagalkote,Acute Diarrheal Disease,111,0,18-08-22,19-08-22
Karnataka,Ballari,Acute Diarrheal Disease,11,1,19-08-22,19-08-22
Karnataka,Raichur,Food Poisoning,58,0,17-08-22,17-08-22
Karnataka,Vijayanagara,Acute Diarrheal Disease,79,1,13-08-22,14-08-22
Odisha,Dhenkanal,Suspected Food Poisoning,11,0,19-08-22,19-08-22
Odisha,Kalahandi,Cholera,32,0,14-08-22,17-08-22
Sikkim,West District,Dengue,5,0,29-07-22,18-08-22
Tamil Nadu,Dindigul,Dengue,20,0,16-08-22,18-08-22
Tamil Nadu,Tiruchirappalli,Chickenpox,7,0,12-08-22,15-08-22
Uttar Pradesh,Mirzapur,Acute Diarrheal Disease,22,0,16-08-22,18-08-22
Uttar Pradesh,Pratapgarh,Food Poisoning,6,0,13-08-22,18-08-22
Assam,Goalpara,Japanese Encephalitis,2,1,10-08-22,
Andhra Pradesh,YSR Kadapa,Dengue,4,0,23-08-2022,26-08-2022
Chhattisgarh,Balodabazar,Acute Diarrheal Disease,32,0,25-08-2022,26-08-2022
Chhattisgarh,Mahasamund,Acute Diarrheal Disease,20,0,24-08-2022,25-08-2022
Gujarat,Anand,Acute Diarrheal Disease,39,0,25-08-2022,25-08-2022
Jammu and Kashmir,Bandipora,Chickenpox,6,0,23-08-2022,23-08-2022
Karnataka,Hassan,Acute Diarrheal Disease,21,0,21-08-2022,22-08-2022
Karnataka,Uttara Kannada,Leptospirosis,1,1,26-08-2022,26-08-2022
Kerala,Ernakulam,Food Poisoning,16,0,21-08-2022,23-08-2022
Kerala,Malappuram,Cutaneous Leishmaniosis,1,0,23-08-2022,29-08-2022
Kerala,Thrissur,Acute Meningoencephalitis (Naegleria fowleri),1,1,22-08-2022,30-08-2022
Madhya Pradesh,Indore,Acute Diarrheal Disease,4,2,24-08-2022,25-08-2022
Madhya Pradesh,Katni,Scrub Typhus,8,0,23-08-2022,28-08-2022
Madhya Pradesh,Rajgarh,Suspected Swine Flu (H1N1),1,1,20-08-2022,26-08-2022
Madhya Pradesh,Sagar,Acute Diarrheal Disease,7,0,25-08-2022,25-08-2022
Madhya Pradesh,Satna,Acute Diarrheal Disease,35,0,22-08-2022,24-08-2022
Madhya Pradesh,Shivpuri,Acute Diarrheal Disease,58,0,23-08-2022,26-08-2022
Maharashtra,Nashik,Cholera,10,2,24-08-2022,26-08-2022
Maharashtra,Yavatmal,Acute Diarrheal Disease,12,0,25-08-2022,26-08-2022
Odisha,Cuttack,Acute Diarrheal Disease,16,0,22-08-2022,24-08-2022
Odisha,Cuttack,Hepatitis A,13,0,23-08-2022,24-08-2022
Odisha,Koraput,Acute Diarrheal Disease,7,0,21-08-2022,22-08-2022
Odisha,Keonjhar,Acute Diarrheal Disease,43,0,23-08-2022,24-08-2022
Punjab,Hoshiarpur,Acute Diarrheal Disease,13,0,20-08-2022,27-08-2022
Uttarakhand,Dehradun,Acute Diarrheal Disease,19,0,29-07-2021,24-08-2022
Uttarakhand,Nainital,Measles,6,0,22-08-2022,29-08-2022
Uttar Pradesh,Chitrakoot,Acute Diarrheal Disease,19,2,22-08-2022,23-08-2022
Uttar Pradesh,Mirzapur,Acute Diarrheal Disease,23,0,24-08-2022,27-08-2022
Uttar Pradesh,Mirzapur,Acute Diarrheal Disease,4,2,24-08-2022,24-08-2022
Uttar Pradesh,Mirzapur,Acute Diarrheal Disease,15,0,23-08-2022,23-08-2022
Uttar Pradesh,Sonbhadra,Diphtheria,1,0,27-08-2022,28-08-2022
West Bengal,Howrah,Acute Diarrheal Disease,37,0,28-08-2022,28-08-2022
Kerala,Alappuzha,Japanese Encephalitis,13,0,06-07-2022,
Mizoram,Serchhip,Japanese Encephalitis,1,1,18-07-2022,
Punjab,Gurdaspur,Acute Diarrheal Disease,12,0,16-07-2022,
Uttar Pradesh,Chitrakoot,Acute Diarrheal Disease,43,0,27-07-2022,
Andhra Pradesh,Nandyal,Acute Diarrheal Disease,27,0,25-08-23,03-09-23
Assam,Darrang,Acute Diarrheal Disease,37,0,31-08-23,31-08-23
Assam,Dhemaji,Food Poisoning,77,0,29-08-23,29-08-23
Assam,Jorhat,Food Poisoning,148,0,26-08-23,29-08-23
Chhattisgarh,Durg,Acute Diarrheal Disease,31,0,28-08-23,29-08-23
Chhattisgarh,Janjgir-Champa,Acute Diarrheal Disease,24,0,31-08-23,01-09-23
Chhattisgarh,Kondagaon,Acute Diarrheal Disease,4,3,28-08-23,28-08-23
Gujarat,Amreli,Crimean-Congo Hemorrhagic Fever,1,0,31-08-2023,31-08-2023
Gujarat,Amreli,Crimean-Congo Hemorrhagic Fever,1,0,29-08-2023,29-08-2023
Jammu and Kashmir,Pulwama,Mumps,22,0,28-08-23,29-08-23
Jammu and Kashmir,Pulwama,Mumps,31,0,28-08-23,29-08-23
Jammu and Kashmir,Pulwama,Mumps,18,0,25-08-23,28-08-23
Jammu and Kashmir,Rajauri,Dengue,8,0,30-08-23,31-08-23
Jammu and Kashmir,Shopian,Mumps,7,0,31-08-23,01-09-23
Jharkhand,Deoghar,Malaria,10,0,25-08-23,30-08-23
Jharkhand,West Singhbhum,Malaria,11,0,01-09-23,01-09-23
Karnataka,Belagavi,Acute Diarrheal Disease,218,1,29-08-23,29-08-23
Karnataka,Bengaluru Urban,Acute Diarrheal Disease,16,0,30-08-23,30-08-23
Karnataka,Hassan,Acute Diarrheal Disease,13,0,31-08-23,01-09-23
Karnataka,Kolar,Acute Diarrheal Disease,31,0,30-08-23,31-08-23
Karnataka,Vijayapura,Human Rabies,1,1,31-08-23,01-09-23
Karnataka,Yadgir,Acute Diarrheal Disease,11,0,28-08-23,29-08-23
Karnataka,Yadgir,Acute Diarrheal Disease,12,0,25-08-23,28-08-23
Kerala,Thrissur,Food Poisoning,37,0,30-08-23,04-09-23
Kerala,Wayanad,Acute Diarrheal Disease,12,0,01-09-23,01-09-23
Madhya Pradesh,Ashoknagar,Fever with Rash,7,0,27-08-23,29-08-23
Madhya Pradesh,Ashoknagar,Measles,5,0,28-08-23,29-08-23
Madhya Pradesh,Dewas,Diphtheria,1,1,28-08-23,02-09-23
Madhya Pradesh,Dewas,Dengue,17,0,27-08-23,01-09-23
Madhya Pradesh,Dhar,Dengue,92,0,18-08-23,28-08-23
Madhya Pradesh,Raisen,Acute Diarrheal Disease,23,0,28-08-23,29-08-23
Madhya Pradesh,Ratlam,Dengue,48,0,17-08-23,03-09-23
Madhya Pradesh,Satna,Scrub Typhus,13,0,29-08-23,29-08-23
Maharashtra,Gadchiroli,Scrub Typhus,2,0,28-08-23,29-08-23
Maharashtra,Kolhapur,Fever,19,0,28-08-23,28-08-23
Maharashtra,Kolhapur,Dengue,56,0,28-08-23,28-08-23
Maharashtra,Nanded,Acute Encephalitic Syndrome,21,1,01-09-23,02-09-23
Maharashtra,Osmanabad,Dengue,10,1,30-08-23,31-08-23
Maharashtra,Osmanabad,Dengue,18,0,30-08-23,31-08-23
Maharashtra,Raigad,Dengue,10,1,28-08-23,01-09-23
Maharashtra,Sangli,Acute Diarrheal Disease,173,0,28-08-23,28-08-23
Maharashtra,Sindhudurg,Malaria,15,0,28-08-23,28-08-23
Maharashtra,Solapur,Acute Diarrheal Disease,16,0,28-08-23,29-08-23
Maharashtra,Wardha,Scrub Typhus,21,1,01-09-23,02-09-23
Maharashtra,Wardha,Fever,16,0,28-08-23,28-08-23
Maharashtra,Washim,Fever,5,0,26-08-23,28-08-23
Maharashtra,Washim,Fever,6,0,26-08-23,28-08-23
Meghalaya,East Khasi Hills,Mumps,41,0,30-08-23,31-08-23
Mizoram,Aizawl,Scrub Typhus,42,0,28-08-23,28-08-23
Odisha,Koraput,Acute Diarrheal Disease,19,0,03-09-23,03-09-23
Odisha,Sambalpur,Acute Diarrheal Disease,13,0,01-09-23,02-09-23
Odisha,Sambalpur,Acute Diarrheal Disease,20,0,01-09-23,01-09-23
Odisha,Sambalpur,Acute Diarrheal Disease,9,0,28-08-23,28-08-23
Tamil Nadu,Ramanathapuram,Acute Gastroenteritis,15,0,31-08-23,01-09-23
Tamil Nadu,Sivaganga,Dengue,49,0,25-08-23,30-08-23
Tamil Nadu,Tiruchirappalli,Cholera,5,0,28-08-23,30-08-23
Tamil Nadu,Villupuram,Acute Diarrheal Disease,43,1,29-08-23,02-09-23
Dadra And Nagar Haveli,Dadra And Nagar Haveli,Fever,32,0,28-08-23,01-09-23
Uttar Pradesh,Ballia,Scrub Typhus,27,0,24-08-23,29-08-23
Uttar Pradesh,Bijnor,Food Poisoning,12,0,29-08-23,01-09-23
Uttar Pradesh,Chandauli,Acute Diarrheal Disease,20,0,25-08-23,29-08-23
Uttar Pradesh,Chandauli,Acute Diarrheal Disease,18,0,14-08-23,29-08-23
Uttar Pradesh,Fatehpur,Dengue,12,0,28-08-23,29-08-23
Uttar Pradesh,Hardoi,Malaria,35,0,24-08-23,29-08-23
Uttar Pradesh,Lalitpur,Acute Diarrheal Disease,16,0,30-08-23,01-09-23
Uttar Pradesh,Mirzapur,Acute Diarrheal Disease,25,0,01-09-23,02-09-23
Gujarat,Amreli,Scrub Typhus,6,0,05-08-2023,
Jharkhand,Sahebganj,Acute Diarrheal Disease,24,0,20-08-23,
Kerala,Kannur,Melioidosis,2,0,18-07-23,
Madhya Pradesh,Harda,Dengue,30,0,18-08-23,
Madhya Pradesh,Satna,Malaria,6,0,14-08-23,
Uttar Pradesh,Bhadohi,Acute Diarrheal Disease,20,0,23-08-23,
Uttarakhand,Dehradun,Dengue,1084,13,01-07-23,
Bihar,Nalanda,Dengue,10,0,05/09/22,06/09/22
Chhattisgarh,Mahasamund,Acute Diarrheal Disease,29,0,06/09/22,07/09/22
Gujarat,Junagadh,Food Poisoning,47,0,08/09/22,08/09/22
Jammu and Kashmir,Rajauri,Acute Diarrheal Disease,25,0,07/09/22,07/09/22
Jharkhand,Sahebganj,Dengue,7,0,02/09/22,06/09/22
Maharashtra,Yavatmal,Acute Diarrheal Disease,64,0,08/09/22,09/09/22
Odisha,Mayurbhanj,Acute Diarrheal Disease,11,0,10-09-22,13-09-22
Tamil Nadu,Thanjavur,Food Poisoning,48,0,09/09/22,09/09/22
Telangana,Warangal,Food Poisoning,33,0,05-09-22,06-09-22
Uttarakhand,Dehradun,Dengue,23,0,05-09-22,
Uttarakhand,Haridwar,Dengue,110,0,05-09-22,05-09-22
Uttar Pradesh,Amroha,Food Poisoning,39,0,06/09/22,08/09/22
Uttar Pradesh,Mirzapur,Acute Diarrheal Disease,3,1,10/09/22,10/09/22
Kerala,Kozhikode,Food Poisoning,18,0,29-08-22,
Assam,Goalpara,Acute Diarrheal Disease,4,0,16-09-22,16-09-22
Gujarat,Anand,Acute Diarrheal Disease,10,0,11-09-22,15-09-22
Haryana,Nuh,Measles,30,0,08-08-22,16-09-22
Jharkhand,Sahebganj,Acute Diarrheal Disease,20,0,10-09-22,13-09-22
Karnataka,Kalaburagi,Acute Gastroenteritis,67,0,10-09-22,12-09-22
Karnataka,Mandya,Food Poisoning,29,0,16-09-22,17-09-22
Karnataka,Uttara Kannada,Leptospirosis,1,1,12-09-22,15-09-22
Karnataka,Uttara Kannada,Leptospirosis,1,1,14-09-22,16-09-22
Madhya Pradesh,Khargone,Food Poisoning,12,0,11-09-22,13-09-22
Kerala,Malappuram,Food Poisoning,15,0,11-09-22,20-09-22
Madhya Pradesh,Rewa,Acute Diarrheal Disease,30,0,07-09-22,12-09-22
Telangana,Warangal,Acute Diarrheal Disease,33,0,05-09-22,12-09-22
Uttarakhand,Rudra Prayag,Acute Diarrheal Disease,12,0,08-09-22,12-09-22
Uttar Pradesh,Chandauli,Acute Diarrheal Disease,13,0,07-09-22,12-09-22
Uttar Pradesh,Hardoi,Diphtheria,4,4,13-09-22,15-09-22
Chhattisgarh,Gariyaband,Acute Diarrheal Disease,11,0,09-09-22,
Chhattisgarh,Rajnandgaon,Acute Diarrheal Disease,11,0,08-09-22,
Chhattisgarh,Rajnandgaon,Acute Diarrheal Disease,22,0,02-09-22,
Haryana,Nuh,Measles,19,0,22-08-22,
Haryana,Nuh,Measles,5,0,09-09-22,
Karnataka,Dakshina Kannada,Influenza (H3N2),230,0,07-09-22,
Karnataka,Dakshina Kannada,Fever With Rash (Enterovirus),11,0,08-09-22,
Kerala,Malappuram,Food Poisoning,9,0,04-09-22,
Mizoram,Aizawl,Acute Diarrheal Disease,16,0,01-09-22,
Rajasthan,Dausa,Acute Diarrheal Disease,115,0,10-05-22,
Rajasthan,Dausa,Acute Diarrheal Disease,22,0,07-05-22,
Andaman and Nicobar Islands,South Andaman,Acute Diarrheal Disease,23,0,17-09-22,20-09-22
Bihar,Nalanda,Dengue,39,0,20-09-22,24-09-22
Bihar,Purbi Champaran,Acute Diarrheal Disease,72,0,24-09-22,25-09-22
Chhattisgarh,Mahasamund,Acute Diarrheal Disease,22,0,20-09-22,23-09-22
Jharkhand,Jamtara,Measles,4,0,24-08-22,22-09-22
Jharkhand,West Singhbhum,Malaria,11,0,24-09-22,25-09-22
Karnataka,Hassan,Acute Diarrheal Disease,12,0,22-09-22,22-09-22
Karnataka,Kalaburagi,Cholera,7,0,17-09-22,19-09-22
Karnataka,Kalaburagi,Leptospirosis,7,0,18-09-22,20-09-22
Karnataka,Kalaburagi,Acute Diarrheal Disease,12,0,21-09-22,23-09-22
Karnataka,Tumkur,Suspected Food Poisoning,16,0,19-09-22,20-09-22
Madhya Pradesh,Mandla,Fever with rash,5,0,23-09-22,23-09-22
Madhya Pradesh,Mandla,Scrub Typhus,6,0,23-09-22,23-09-22
Madhya Pradesh,Mandla,Acute Diarrheal Disease,5,0,19-09-22,19-09-22
Madhya Pradesh,Rewa,Acute Diarrheal Disease,32,2,24-09-22,24-09-22
Maharashtra,Bhandara,Hand Foot Mouth Disease,19,0,20-09-22,20-09-22
Maharashtra,Chandrapur,Dengue,17,0,19-09-22,24-09-22
Maharashtra,Chandrapur,Malaria,14,1,22-09-22,24-09-22
Maharashtra,Nanded,Acute Diarrheal Disease,56,0,20-09-22,21-09-22
Meghalaya,East Khasi Hills,Acute Diarrheal Disease,142,0,20-09-22,20-09-22
Odisha,Nabarangpur,Acute Diarrheal Disease,10,0,19-09-22,22-09-22
Tamil Nadu,Thanjavur,Typhoid,29,0,23-09-22,23-09-22
Telangana,Kumuram Bheem Asifabad,Acute Diarrheal Disease,70,0,19-09-22,22-09-22
Uttar Pradesh,Fatehpur,Scrub Typhus,11,0,21-09-22,25-09-22
Uttar Pradesh,Hardoi,Fever,31,0,23-09-22,23-09-22
Uttar Pradesh,Hardoi,Acute Diarrheal Disease,35,0,18-09-22,19-09-22
Assam,Goalpara,Japanese Encephalitis,3,0,24-08-22,
Assam,Kamrup,Food Poisoning,34,0,14-09-22,
Jharkhand,Jamtara,Measles,3,0,27-08-22,
Kerala,Palakkad,Chickenpox,7,0,14-09-22,
Rajasthan,Sikar,Food Poisoning,10,0,10-09-22,
Bihar,Nalanda,Dengue,31,0,26-09-22,27-09-22
Chhattisgarh,Balodabazar,Acute Diarrheal Disease,43,0,29-09-22,30-09-22
Jharkhand,East Singhbum,Acute Diarrheal Disease,15,0,30-09-22,30-09-22
Kerala,Alappuzha,Food Poisoning,27,0,30-09-22,01-10-22
Kerala,Kollam,Food Poisoning,20,0,23-09-22,28-09-22
Kerala,Kollam,Food Poisoning,65,0,29-09-22,06-10-22
Kerala,Kasaragod,Monkey Pox,1,0,28-09-22,03-10-22
Madhya Pradesh,Indore,Acute Diarrheal Disease,37,0,22-09-22,26-09-22
Maharashtra,Aurangabad,Food Poisoning,7,0,27-09-22,27-09-22
Odisha,Koraput,Suspected Dengue,10,4,27-09-22,01-10-22
Odisha,Nabarangpur,Food Poisoning,7,0,27-09-22,28-09-22
Uttar Pradesh,Bahraich,Food Poisoning,12,0,25-09-22,26-09-22
Uttarakhand,Udhamsingh Nagar,Japanese Encephalitis,1,0,26-09-22,03-10-22
Karnataka,Tumkur,Japanese Encephalitis,1,0,19-09-22,
Kerala,Ernakulam,Hepatitis A,21,0,11-09-22,
Kerala,Malappuram,Hepatitis A,17,0,11-09-22,
Odisha,Kalahandi,Acute Diarrheal Disease,48,0,18-09-22,
Tamil Nadu,Salem,Food Poisoning,13,0,19-09-22,
Jharkhand,West Singhbhum,Chickenpox,12,0,21-01-22,22-01-22
Jharkhand,Godda,Measles,3,0,21-01-22,22-01-22
Kerala,Idukki,Food Poisoning,16,0,17-01-22,20-01-22
Kerala,Thrissur,Kala-Azar,1,0,23-01-22,24-01-22
Kerala,Ernakulam,Food Poisoning,2,0,20-12-21,28-12-21
Tamil Nadu,Pudukottai,Acute Diarrheal Disease,8,0,18-01-22,19-01-22
Gujarat,Patan,Acute Diarrheal Disease,7,0,11-01-22,
Kerala,Ernakulam,Acute Diarrheal Disease,14,0,24-12-21,
Gujarat,Gandhinagar,Food Poisoning,114,0,03-10-22,04-10-22
Karnataka,Bidar,Rabies,1,1,04-10-22,06-10-22
Karnataka,Koppal,Chikungunya,33,0,06-10-22,07-10-22
Maharashtra,Pune,Dengue,20,1,17-09-22,07-10-22
Odisha,Angul,Acute Diarrheal Disease,14,0,04-10-22,08-10-22
Odisha,Nabarangpur,Acute Diarrheal Disease,17,0,07-10-22,09-10-22
Chhattisgarh,Dantewada,Acute Diarrheal Disease,15,2,15-09-22,
Gujarat,Dang,Food Poisoning,102,0,14-10-2022,15-10-2022
Jharkhand,Khunti,Fever with Rash,3,0,15-10-2022,15-10-2022
Karnataka,Chikkaballapura,Rabies,2,2,07-06-22,13-10-22
Karnataka,Vijayanagar,Acute Diarrheal Disease,43,0,10-10-22,13-10-22
Karnataka,Yadgiri,Japanese Encephalitis,2,0,10-10-22,15-10-22
Kerala,Trivandrum,Acute Diarrheal Disease,9,0,11-10-22,12-10-22
Madhya Pradesh,Shajapur,Acute Diarrheal Disease,24,0,04-10-2022,10-10-2022
Tamil Nadu,Nagapattinam,Food Borne Illness,30,0,11-10-22,12-10-22
Tamil Nadu,Sivaganga,Food Borne Illness,15,0,13-10-22,14-10-22
Telangana,Kumuram Bheem Asifabad,Acute Diarrheal Disease,15,2,08-10-2022,13-10-2022
Telangana,Khammam,Dengue,18,0,12-10-22,15-10-22
Telangana,Vikarabad,Acute Diarrheal Disease,34,0,14-10-22,16-10-22
Uttar Pradesh,Farrukhabad,Acute Diarrheal Disease,11,0,09-10-2022,14-10-2022
Uttarakhand,Haridwar,Dengue,40,0,11-10-22,17-10-22
Karnataka,Dakshina Kannada,Leptospirosis,1,1,01-10-22,
Kerala,Alappuzha,Food Poisoning,8,0,05-10-22,
Kerala,Malappuram,Hepatitis A,13,0,28-09-22,
Kerala,Thrissur,Hepatitis A,13,0,15-09-22,
Maharashtra,Pune,Dengue,16,0,19-09-2022,
Uttar Pradesh,Fatehpur,Leptospirosis,8,0,25-09-2022,
Delhi,West Delhi,Measles,2,0,20-10-22,20-10-22
Jharkhand,Lohardaga,Fever,45,0,15-10-22,17-10-22
Jharkhand,Sahebganj,Acute Diarrheal Disease,5,0,18-10-22,19-10-22
Karnataka,Koppal,Acute Diarrheal Disease,50,0,16-10-22,18-10-22
Kerala,Palakkad,Acute Diarrheal Disease,131,0,19-10-22,23-10-22
Kerala,Palakkad,Chickenpox,21,0,15-10-22,15-10-22
Maharashtra,Aurangabad,Acute Diarrheal Disease,20,0,16-10-22,17-10-22
Maharashtra,Pune,Dengue,10,0,23-09-22,21-10-22
Maharashtra,Sangli,Dengue,12,0,20-10-22,20-10-22
Uttar Pradesh,Deoria,Acute Diarrheal Disease,48,0,14-10-22,17-10-22
Andhra Pradesh,Nandyal,Acute Diarrheal Disease,32,0,04-08-22,
Kerala,Palakkad,Chickenpox,31,0,12-10-22,
Maharashtra,Pune,Dengue,10,0,23-09-22,
Tamil Nadu,Thiruvarur,Acute Diarrheal Disease,11,1,07-10-22,
Andhra Pradesh,Chittoor,Acute Diarrheal Disease,38,0,21-10-23,25-10-23
Arunachal Pradesh,Papum Pare,Animal Bite - Dog Bite,3,0,23-10-23,24-10-23
Assam,Sonitpur,Acute Diarrheal Disease,6,0,26-10-23,26-10-23
Gujarat,Anand,Acute Diarrheal Disease,6,0,27-10-23,27-10-23
Gujarat,Jamnagar,Food Poisoning,52,0,24-10-23,25-10-23
Gujarat,Junagadh,Food Poisoning,20,0,26-10-23,26-10-23
Gujarat,Junagadh,Food Poisoning,52,0,25-10-23,25-10-23
Gujarat,Navsari,Acute Diarrheal Disease,8,0,25-10-23,25-10-23
Gujarat,Sabar Kantha,Diphtheria,1,1,26-10-23,27-10-23
Gujarat,Tapi,Dengue,10,0,26-10-23,26-10-23
Karnataka,Mandya,Acute Diarrheal Disease,22,0,25-10-23,25-10-23
Kerala,Kannur,Acute Diarrheal Disease,21,0,25-10-23,25-10-23
Kerala,Palakkad,Acute Diarrheal Disease,25,0,27-10-23,28-10-23
Kerala,Thiruvananthapuram,Zika Virus,1,0,21-10-23,27-10-23
Kerala,Thiruvananthapuram,Acute Diarrheal Disease,11,0,26-10-23,27-10-23
Madhya Pradesh,Dewas,Acute Diarrheal Disease,20,0,28-10-23,29-10-23
Madhya Pradesh,Morena,Acute Diarrheal Disease,10,0,25-10-23,26-10-23
Madhya Pradesh,Narsinghpur,Malaria,20,0,26-10-23,26-10-23
Madhya Pradesh,Narsinghpur,Dengue,16,0,25-10-23,25-10-23
Madhya Pradesh,Neemuch,Dengue,20,0,24-10-23,24-10-23
Madhya Pradesh,Ratlam,Dengue,22,0,27-10-23,28-10-23
Maharashtra,Akola,Dengue,8,0,23-10-23,23-10-23
Maharashtra,Akola,Dengue,9,1,20-10-23,23-10-23
Maharashtra,Amravati,Dengue,5,1,21-10-23,23-10-23
Maharashtra,Aurangabad,Dengue,17,1,21-10-23,25-10-23
Maharashtra,Beed,Dengue,3,1,25-10-23,26-10-23
Maharashtra,Beed,Dengue,1,1,23-10-23,23-10-23
Maharashtra,Kolhapur,Hepatitis-A,16,0,25-10-23,25-10-23
Maharashtra,Osmanabad,Dengue,6,0,25-10-23,27-10-23
Maharashtra,Satara,Chikungunya,6,0,23-10-23,25-10-23
Maharashtra,Yavatmal,Acute Diarrheal Disease,43,0,25-10-23,26-10-23
Mizoram,Aizawl,Typhoid,64,1,23-10-23,24-10-23
Mizoram,Aizawl,Food Poisoning,34,0,23-10-23,24-10-23
Uttar Pradesh,Fatehpur,Chickenpox,30,0,26-10-23,26-10-23
Jharkhand,Deoghar,Chikungunya,11,0,29-09-23,
Jharkhand,Sahebganj,Acute Diarrheal Disease,41,0,08-10-23,
Rajasthan,Pratapgarh,Dengue,255,0,11-10-23,
Jharkhand,Bokaro,Acute Diarrheal Disease,5,1,04-11-22,05-11-22
Karnataka,Dakshin Kannad,Hepatitis A,10,0,03-11-22,03-11-22
Karnataka,Koppal,Chikungunya,45,0,01-11-22,06-11-22
Karnataka,Tumkur,Suspected Chickenpox,24,0,31-10-22,05-11-22
Karnataka,Vijayanagara,Acute Diarrheal Disease,83,0,01-11-22,01-11-22
Kerala,Ernakulam,Food Poisoning,22,0,01-11-22,07-11-22
Kerala,Malappuram,Food Poisoning,16,0,29-10-22,01-11-22
Kerala,Malappuram,Food Poisoning,70,0,29-10-22,01-11-22
Maharashtra,Pune,Dengue,7,1,26-09-22,01-11-22
Maharashtra,Sangli,Dengue,36,1,29-10-22,31-10-22
Tamil Nadu,Salem,Food Poisoning,29,0,04-11-22,05-11-22
Uttar Pradesh,Fatehpur,Leptospirosis,1,0,03-11-22,04-11-22
Uttar Pradesh,Fatehpur,Diphtheria,1,1,15-10-22,31-10-22
Andhra Pradesh,Srikakulam,Scrub typhus,14,0,18-10-22,
Tamil Nadu,Coimbatore,Food Poisoning,13,0,20-09-22,
Uttar Pradesh,Fatehpur,Dengue,6,1,29-10-22,
Uttarakhand,Dehradun,Dengue,24,0,13-10-22,
Bihar,Muzaffarpur,Dengue,2,0,03-11-22,08-11-22
Gujarat,Bharuch,Food Poisoning,343,0,13-11-22,13-11-22
Karnataka,Davangere,Food Poisoning,60,0,07-11-22,07-11-22
Karnataka,Davangere,Acute Diarrheal Disease,63,0,07-11-22,07-11-22
Karnataka,Kodagu,Diphtheria,1,1,03-11-22,07-11-22
Karnataka,Koppal,Cholera,41,0,05-11-22,08-11-22
Karnataka,Kalaburagi,Acute Diarrheal Disease,13,0,05-11-22,07-11-22
Kerala,Ernakulam,Food Poisoning,21,0,09-11-22,16-11-22
Kerala,Idukki,Food Poisoning,167,0,06-11-22,07-11-22
Kerala,Kottayam,Food Poisoning,22,0,06-11-22,14-11-22
Kerala,Kottayam,Food Poisoning (Noro Virus),37,0,09-11-22,14-11-22
Kerala,Kottayam,Food Poisoning,20,0,04-11-22,14-11-22
Kerala,Kollam,Zika virus,1,0,08-11-22,11-11-22
Kerala,Palakkad,Acute Diarrheal Disease,21,0,13-11-22,16-11-22
Maharashtra,Bhandara,Scrub Typhus,8,1,06-11-22,10-11-22
Tamil Nadu,Thanjavur,Allergic Conjunctivitis,22,0,10-11-22,10-11-22
Tamil Nadu,Thanjavur,Acute Diarrheal Disease,15,0,09-11-22,09-11-22
Assam,Baksa,Human Rabies,1,1,10-08-22,
Kerala,Malappuram,Measles,21,0,19-10-22,
Uttarakhand,Dehradun,Chikungunya,423,0,13-10-22,
Gujarat,Valsad,Acute Diarrheal Disease,34,0,19-11-22,19-11-22
Haryana,Palwal,Measles,5,0,15-11-22,23-11-22
Karnataka,Koppal,Food Poisoning,45,0,17-11-22,17-11-22
Karnataka,Yadgiri,Japanese Encephalitis,2,0,12-11-22,15-11-22
Kerala,Kannur,Food Poisoning,9,0,14-11-22,19-11-22
Kerala,Kasaragod,Food Poisoning,33,0,15-11-22,16-11-22
Kerala,Kottayam,Food Poisoning,20,0,14-11-22,18-11-22
Kerala,Kottayam,Food Poisoning,11,0,14-11-22,18-11-22
Maharashtra,Latur,Pyrexia of Unknown Origin,20,0,14-11-22,14-11-22
Uttar Pradesh,Fatehpur,Dengue,10,0,16-11-22,19-11-22
Bihar,Madhubani,Chickenpox,14,0,22-10-22,
Himachal Pradesh,Una,Acute Diarrheal Disease,73,0,21-05-22,
Jharkhand,Giridih,Fever with Rash,30,0,29-10-22,
Jharkhand,Giridih,Fever with Rash,20,0,26-10-22,
Karnataka,Mysuru,Dengue,13,0,10-11-22,
Karnataka,Uttar Kannada,Leptospirosis,1,1,04-11-22,
Kerala,Ernakulam,Dengue,12,0,19-10-22,
Maharashtra,Aurangabad,Pyrexia of Unknown Origin,24,0,11-11-22,
Maharashtra,Aurangabad,Dengue,2,1,11-11-22,
Maharashtra,Dhule,Dengue,4,1,31-10-22,
Maharashtra,Kolhapur,Cholera,233,2,10-11-22,
Maharashtra,Nashik,Cholera,58,0,31-10-22,
Maharashtra,Nashik,Cholera,52,1,17-10-22,
Maharashtra,Parbhani,Chikungunya,76,0,29-09-22,
Maharashtra,Thane,Dengue,1,1,28-10-22,
Rajasthan,Kota,Acute Diarrheal Disease,31,0,30-09-22,
Madhya Pradesh,Mandla,Japanese Encephalitis,5,0,22-10-22,
Uttar Pradesh,Bhadohi,Dengue,13,0,25-09-22,
Karnataka,Dakshina Kannada,Acute Diarrheal Disease,15,00,21-11-22,22-11-22
Karnataka,Davangere,Leptospirosis,01,01,18-11-22,23-11-22
Karnataka,Koppal,Acute Diarrheal Disease,13,00,22-11-22,23-11-22
Kerala,Malappuram,Monkey Pox,02,00,25-11-22,12-01-22
Maharashtra,Kolhapur,Acute Diarrheal Disease,14,00,23-11-2022,23-11-2022
Mizoram,Saltual,Acute Diarrheal Disease,21,00,22-11-2022,23-11-2022
Gujarat,Bhavnagar,Crimean-Congo Hemorrhagic Fever,01,00,01-10-2022,
Gujarat,Bhavnagar,Jaundice,15,00,08-10-2022,
Gujarat,Bhavnagar,Crimean-Congo Hemorrhagic Fever,01,00,22-10-2022,
Jammu and Kashmir,Kulgam,Hepatitis A,20,00,19-09-2022,
Kerala,Ernakulam,Acute Diarrheal Disease,13,00,08-11-22,
Madhya Pradesh,Ratlam,Acute Diarrheal Disease,32,00,26-10-2022,
Maharashtra,Kolhapur,Dengue,05,01,01-11-2022,
Uttar Pradesh,Auraiya,Dengue,101,00,12-11-2022,
Uttar Pradesh,Muzaffarnagar,Dengue,10,00,02-11-2022,
Karnataka,Ballari,Rabies,02,02,28-11-22,28-11-22
Karnataka,Bangalore Urban,Acute Diarrheal Disease,104,00,26-11-22,29-11-22
Karnataka,Davangere,Japanese Encephalitis,01,00,28-11-22,30-11-22
Karnataka,Haveri,Japanese Encephalitis,04,01,15-11-22,01-12-22
Karnataka,Koppal,Acute Diarrheal Disease,45,00,19-11-22,03-12-22
Karnataka,Ramanagara,Acute Diarrheal Disease,15,00,29-11-22,30-11-22
Karnataka,Tumkur,Acute Diarrheal Disease,18,00,02-12-22,03-12-22
Kerala,Kanpur,Measles,11,00,23-10-22,30-11-22
Kerala,Malappuram,Hepatitis-A,17,00,11-09-22,07-10-22
Kerala,Thrissur,Dengue,21,00,24-11-22,05-12-22
Madhya Pradesh,Neemuch,Chickenpox,11,00,03/12/2022,03/12/2022
Madhya Pradesh,Shahdol,Fever with Rash,15,00,23/11/2022,30/11/2022
Mizoram,Aizawl,Acute Diarrheal Disease,26,00,29/11/2022,29/11/2022
Odisha,Angul,Food Poisoning,17,00,29-11-22,01-12-22
Odisha,Bargarh,Food poisoning,39,00,03/12/2022,03/12/2022
Uttar Pradesh,Sonbhadra,Diphtheria,01,01,10/11/2022,30/11/2022
Uttarakhand,Chamoli,Measles,05,00,20-10-22,04-12-22
Madhya Pradesh,Indore,Dengue,05,00,19/11/2022,
Tripura,Sepahijala,Acute Diarrheal Disease,09,01,17/11/2022,
Uttar Pradesh,Mau,Dengue,07,02,13/11/2022,
Uttar Pradesh,Sonbhadra,Dengue,32,00,05/10/2022,
Assam,Bongaigaon,Measles,7,0,07-12-23,07-12-23
Assam,Charaldeo,Leptospirosis,17,0,04-12-23,05-12-23
Assam,Chirang,Malaria,58,0,01-12-23,04-12-23
Assam,Kamrup Metro,Human Rabies,1,1,06-12-23,07-12-23
Assam,South Salmara Mancachar,Measles,13,0,09-12-23,09-12-23
Bihar,Begusarai,Measles,5,0,07-12-23,08-12-23
Bihar,Gaya,Measles,7,0,04-12-23,07-12-23
Bihar,Madhubani,Acute Diarrheal Disease,86,0,06-12-23,06-12-23
Bihar,Supaul,Food Poisoning,6,0,06-12-23,06-12-23
Chhattisgarh,Raigarh,Acute Diarrheal Disease,18,0,04-12-23,06-12-23
Himachal Pradesh,Hamirpur,Acute Diarrheal Disease,40,0,10-12-23,10-12-23
Jammu and Kashmir,Srinagar,Hepatitis A,8,0,08-12-23,08-12-23
Karnataka,Ramanagara,Cholera,4,0,08-12-23,09-12-23
Kerala,Alappuzha,Mumps,31,0,06-12-23,08-12-23
Kerala,Kannur,Food Poisoning,12,0,04-12-23,06-12-23
Kerala,Kottayam,Food Poisoning,11,0,08-12-23,08-12-23
Madhya Pradesh,Barwani,Malaria,13,0,04-12-23,05-12-23
Madhya Pradesh,Barwani,Food Poisoning,25,0,04-12-23,05-12-23
Madhya Pradesh,Datta,Jaundice,10,0,09-12-23,10-12-23
Madhya Pradesh,Rajgarh,Food Poisoning,22,0,10-12-23,10-12-23
Madhya Pradesh,Umaria,Scrub Typhus,12,0,05-12-23,05-12-23
Maharashtra,Gadchiroli,Malaria,10,1,02-12-23,05-12-23
Maharashtra,Nanded,Mumps,7,0,06-12-23,06-12-23
Maharashtra,Pune,Dengue,7,0,07-11-23,04-12-23
Maharashtra,Thane,Dengue,8,1,30-11-23,08-12-23
Mizoram,Kolasib,Fever with Rash,5,0,01-12-23,04-12-23
Odisha,Balangir,Acute Diarrheal Disease,35,0,06-12-23,06-12-23
Odisha,Khordha,Acute Diarrheal Disease,35,0,06-12-23,06-12-23
Rajasthan,Jhalawar,Acute Diarrheal Disease,225,0,29-11-23,04-12-23
Tamil Nadu,Tenkasi,Dengue,7,0,03-12-23,06-12-23
Bihar,Jehanabad,Measles,5,0,09-11-23,
Chhattisgarh,Narayanpur,Fever with Altered sensorium,3,3,29-11-23,
Jharkhand,Dhanbad,Dengue,56,0,16-11-23,
Kerala,Palakkad,Mumps,12,0,07-11-23,
Maharashtra,Pune,Dengue,7,0,24-11-23,
Puducherry,Pondicherry,Animal Bite - Dog Bite,25,0,29-11-23,
Tamil Nadu,Virudhunagar,Leptospirosis,8,0,30-11-23,
Jharkhand,Godda,Measles,1,0,27-01-22,28-01-22
Jharkhand,Godda,Measles,16,0,28-01-22,30-01-22
Jharkhand,Hazaribagh,Japanese Encephalitis,1,0,22-01-22,25-01-22
Jharkhand,Pakur,Fever with Rash,6,0,22-01-22,25-01-22
Gujarat,Anand,Acute Diarrheal Disease,25,0,17-12-2022,17-12-2022
Karnataka,Bagalakote,Chickenpox,12,00,16-12-22,17-12-22
Karnataka,Dakshina Kannada,Influenza A (H3N2),48,00,12-12-22,17-12-22
Karnataka,Shivamogga,Fever With Rash,12,00,12-12-22,16-12-22
Kerala,Ernakulam,Food Poisoning,31,00,11-12-22,12-12-22
Kerala,Kannur,Food Poisoning,179,00,10-12-22,13-12-22
Kerala,Malappuram,Hepatitis A,49,00,11-11-22,19-12-22
Maharashtra,Nanded,Acute Diarrheal Disease,121,0,15-12-2022,15-12-2022
Telangana,Nirmal,Food Poisoning,16,00,15-12-22,16-12-22
Karnataka,Chikkaballapura,Rabies,04,01,30-10-22,
Kerala,Palakkad,Food Poisoning,13,00,07-12-22,
Chhattisgarh,Balod,Acute Diarrheal Disease,15,00,19-12-2022,20-12-2022
Haryana,Panipat,Measles,7,00,03-12-22,20-12-22
Karnataka,Davangere,Leptospirosis,1,1,19-12-22,20-12-22
Karnataka,Dakshina Kannada,Leptospirosis,1,1,24-11-22,20-12-22
Karnataka,Koppal,Food Poisoning,20,00,19-12-22,20-12-22
Karnataka,Mandya,Chickenpox,37,00,19-12-22,20-12-22
Karnataka,Tumkur,Food Poisoning,80,00,15-12-22,20-12-22
Karnataka,Tumkur,Fever & URTI,16,00,10-12-22,22-12-22
Kerala,Ernakulam,Food Poisoning,23,00,18-12-22,26-12-22
Kerala,Kannur,Food Poisoning,37,00,19-12-22,20-12-22
Kerala,Thrissur,Acute Gastro-Enteritis,22,00,05-12-22,27-12-22
Telangana,Nirmal,Acute Diarrheal Disease,16,00,17-12-2022,19-12-2022
Telangana,Adilabad,Acute Diarrheal Disease,35,00,25-12-22,26-12-22
Gujarat,Surat,Measles,15,00,01-11-2022,
Maharashtra,Aurangabad,Measles,6,00,02-12-2022,
Maharashtra,Kolhapur,Acute Diarrheal Disease,16,00,07-12-2022,
Maharashtra,Kolhapur,Acute Diarrheal Disease,50,00,05-12-2022,
Maharashtra,Raigad,Leptospirosis,28,1,25-11-2022,
Puducherry,Puducherry,Chickenpox,15,00,30-11-2022,
Uttar Pradesh,Lucknow,Chickenpox,5,00,09-12-2022,
Karnataka,Chikkaballapura,Fever,15,00,24-12-22,30-12-22
Karnataka,Shivamogga,Food Poisoning,25,00,26-12-22,28-12-22
Karnataka,Tumkur,Fever & URTI,25,00,26-12-22,26-12-22
Karnataka,Tumkur,Chickenpox,12,00,25-12-22,29-12-22
Kerala,Ernakulam,Food Poisoning,16,00,26-12-22,26-12-22
Kerala,Pathanamthitta,Food Poisoning,23,00,29-12-22,02-01-22
Maharashtra,Kolhapur,Acute Diarrheal Disease,44,2,28-12-2021,28-12-2021
Tamil Nadu,Dindigul,Acute Diarrheal Disease,48,0,28-12-2021,29-12-2021
Chhattisgarh,Balod,Scrub Typhus,02,00,10-12-2021,
Gujarat,Banaskantha,Viral Hepatitis B,8,0,29-01-22,04-02-22
Kerala,Ernakulam,Suspected Typhoid,4,0,17-01-22,03-02-22
Kerala,Thrissur,Kala Azar,1,0,04-01-22,08-02-22
Kerala,Wayanad,Kyasanur Forest Disease,1,0,02-02-22,03-02-22
Kerala,Palakkad,Food Poisoning,61,0,02-02-22,07-02-22
Telangana,Narayanpet,Food Poisoning,91,0,06-02-22,07-02-22
Uttar Pradesh,Fatehpur,Acute Encephalitic Syndrome,1,0,24-01-22,05-02-22
Kerala,Palakkad,Food Poisoning,61,0,02-02-22,08-02-22
Kerala,Thrissur,Lymes Disease,1,0,31-12-21,11-02-22
Maharashtra,Gadchiroli,Malaria,1,1,09-02-22,10-02-22
Odisha,Koraput,Acute Diarrheal Disease,15,0,11-02-22,12-02-22
Uttar Pradesh,Ballia,Diphtheria,1,0,24-01-22,07-02-22
Uttar Pradesh,Ballia,Pertussis,1,0,25-01-22,07-02-22
Gujarat,Ahmedabad,Acute Diarrheal Disease,67,0,17-02-22,17-02-22
Gujarat,Anand,Food Poisoning,53,0,17-02-22,18-02-22
Kerala,Wayanad,Mumps,30,0,11-02-22,16-02-22
West Bengal,Bardhaman,Acute Diarrheal Disease,89,0,17-02-22,18-02-22
Kerala,Thrissur,West Nile Fever,1,0,18-01-21,
Kerala,Trivandrum,Acute Diarrheal Disease,5,0,14-02-22,
West Bengal,Howrah,Hepatitis A,44,0,02-02-22,
Gujarat,Panchmahal,Acute Flaccid Paralysis,7,0,22-02-22,22-02-22
Kerala,Kasaragod,Leptospirosis,18,0,21-02-22,23-02-22
Kerala,Ernakulam,Hepatitis B,9,0,13-12-21,02-03-22
Karnataka,Tumkur,Chickenpox,9,0,24-02-22,25-02-22
Odisha,Subarnapur,Chickenpox,8,0,21-02-22,02-03-22
Tamil Nadu,Cuddalore,Food Poisoning,29,0,25-02-22,26-02-22
West Bengal,Burdwan,Food Poisoning,89,0,17-02-22,18-02-22
West Bengal,South 24 Parganas,Acute Diarrheal Disease,21,0,23-02-22,23-02-22
West Bengal,Howrah,Hepatitis A,56,0,02-02-22,09-02-22
Gujarat,Kheda,Acute Flaccid Paralysis (Epstein Bar Virus & Human Herpes Virus 7),2,0,27-02-22,28-02-22
Gujarat,Mahisagar,Acute Flaccid Paralysis,2,0,24-02-22,25-02-22
Gujarat,Mahesana,Food Poisoning,1268,0,05-03-22,05-03-22
Jharkhand,West Singhbhum,Food Poisoning,9,0,03-03-22,04-03-22
Kerala,Ernakulam,Acute Diarrheal Disease,21,0,24-02-22,07-03-22
Karnataka,Tumakuru,Acute Diarrheal Disease,27,0,03-03-22,04-03-22
Maharashtra,Akola,Food Poisoning,102,0,01-03-22,02-03-22
Telangana,Hanumakonda,Food Poisoning,22,0,02-03-22,03-03-22
West Bengal,South 24 Parganas,Acute Diarrheal Disease,21,0,23-02-22,23-02-22
West Bengal,North 24 Parganas,Acute Diarrheal Disease,359,1,05-03-22,06-03-22
Jharkhand,Simdega,Chickenpox,12,0,07-02-22,
West Bengal,Howrah,Viral Hepatitis A,60,0,02-02-22,
